{
  "roc_auc": 0.7203510889209497,
  "f1_macro": 0.08672218179858247,
  "f1_per_label": {
    "TWF": 0.06349206349206349,
    "HDF": 0.24731182795698925,
    "PWF": 0.011695906432748537,
    "OSF": 0.1111111111111111,
    "RNF": 0.0
  }
}